{
    "variants": {
        "": [
            { "model": "block/andesite", "weight": 12 },
			{ "model": "block/andesite", "weight": 12, "y": 180 },
			{ "model": "block/andesite", "weight": 12, "x": 180 },
			{ "model": "block/andesite", "weight": 12, "x": 90, "y": 90 },
			{ "model": "block/andesite", "weight": 12, "x": -90, "y": -90 },
			{ "model": "block/andesite_1", "weight": 3 },
			{ "model": "block/andesite_1", "weight": 3, "y": 180  },
			{ "model": "block/andesite_1", "weight": 3, "x": 180  },
			{ "model": "block/andesite_1", "weight": 3, "x": 90, "y": 90  },
			{ "model": "block/andesite_1", "weight": 3, "x": -90, "y": -90  },
			{ "model": "block/andesite_2", "weight": 3 },
			{ "model": "block/andesite_2", "weight": 3, "y": 180  },
			{ "model": "block/andesite_2", "weight": 3, "x": 180  },
			{ "model": "block/andesite_2", "weight": 3, "x": 90, "y": 90  },
			{ "model": "block/andesite_2", "weight": 3, "x": -90, "y": -90  },
			{ "model": "block/andesite_3", "weight": 3 },
			{ "model": "block/andesite_3", "weight": 3, "y": 180  },
			{ "model": "block/andesite_3", "weight": 3, "x": 180  },
			{ "model": "block/andesite_3", "weight": 3, "x": 90, "y": 90  },
			{ "model": "block/andesite_3", "weight": 3, "x": -90, "y": -90  },
			{ "model": "block/andesite_4", "weight": 3 },
			{ "model": "block/andesite_4", "weight": 3, "y": 180  },
			{ "model": "block/andesite_4", "weight": 3, "x": 180  },
			{ "model": "block/andesite_4", "weight": 3, "x": 90, "y": 90  },
			{ "model": "block/andesite_4", "weight": 3, "x": -90, "y": -90  }
        ]
    }
}
