 {
  "variants": {
      "": [
    { "model": "block/bookshelf", "weight": 1 },
    { "model": "block/bookshelf_1", "weight": 1 },
    { "model": "block/bookshelf_2", "weight": 1 },
    { "model": "block/bookshelf_3", "weight": 1 },
    { "model": "block/bookshelf_4", "weight": 1 },
    { "model": "block/bookshelf_5", "weight": 1 },
    { "model": "block/bookshelf_6", "weight": 1 },
    { "model": "block/bookshelf_7", "weight": 1 },
    { "model": "block/bookshelf_8", "weight": 1 },
    { "model": "block/bookshelf_9", "weight": 1 }
      ]
  }
}
