{
  "variants": {
      "snowy=false": [
    { "model": "block/mycelium", "weight": 3 },
    { "model": "block/mycelium", "weight": 3, "y": 180 },
    { "model": "block/mycelium", "weight": 3, "y": 90 },
    { "model": "block/mycelium", "weight": 3, "y": -90 },
    { "model": "block/mycelium_1", "weight": 1 },
    { "model": "block/mycelium_1", "weight": 1, "y": 180  },
    { "model": "block/mycelium_1", "weight": 1, "y": 90  },
    { "model": "block/mycelium_1", "weight": 1, "y": -90  },
    { "model": "block/mycelium_2", "weight": 1 },
    { "model": "block/mycelium_2", "weight": 1, "y": 180  },
    { "model": "block/mycelium_2", "weight": 1, "y": 90  },
    { "model": "block/mycelium_2", "weight": 1, "y": -90  }
      ],
  "snowy=true": {
    "model": "minecraft:block/grass_block_snow"
    }
  }
}
