{
  "variants": {
      "distance=1": [
        { "model": "block/oak_leaves", "weight": 1 },
        { "model": "block/oak_leaves_1", "weight": 1 },
        { "model": "block/oak_leaves_2", "weight": 1 },
        { "model": "block/oak_leaves_3", "weight": 1 },
        { "model": "block/oak_leaves_4", "weight": 1 },
        { "model": "block/oak_leaves_5", "weight": 1 }
          ],
      "distance=2": [
        { "model": "block/oak_leaves", "weight": 1 },
        { "model": "block/oak_leaves_1", "weight": 1 },
        { "model": "block/oak_leaves_2", "weight": 1 },
        { "model": "block/oak_leaves_3", "weight": 1 },
        { "model": "block/oak_leaves_4", "weight": 1 },
        { "model": "block/oak_leaves_5", "weight": 1 }
          ],
      "distance=3": [
        { "model": "block/oak_leaves", "weight": 1 },
        { "model": "block/oak_leaves_1", "weight": 1 },
        { "model": "block/oak_leaves_2", "weight": 1 },
        { "model": "block/oak_leaves_3", "weight": 1 },
        { "model": "block/oak_leaves_4", "weight": 1 },
        { "model": "block/oak_leaves_5", "weight": 1 }
          ],
      "distance=4": [
        { "model": "block/oak_leaves", "weight": 1 },
        { "model": "block/oak_leaves_1", "weight": 1 },
        { "model": "block/oak_leaves_2", "weight": 1 },
        { "model": "block/oak_leaves_3", "weight": 1 },
        { "model": "block/oak_leaves_4", "weight": 1 },
        { "model": "block/oak_leaves_5", "weight": 1 }
          ],
      "distance=5": [
        { "model": "block/oak_leaves", "weight": 1 },
        { "model": "block/oak_leaves_1", "weight": 1 },
        { "model": "block/oak_leaves_2", "weight": 1 },
        { "model": "block/oak_leaves_3", "weight": 1 },
        { "model": "block/oak_leaves_4", "weight": 1 },
        { "model": "block/oak_leaves_5", "weight": 1 }
          ],
      "distance=6": [
        { "model": "block/oak_leaves", "weight": 1 },
        { "model": "block/oak_leaves_1", "weight": 1 },
        { "model": "block/oak_leaves_2", "weight": 1 },
        { "model": "block/oak_leaves_3", "weight": 1 },
        { "model": "block/oak_leaves_4", "weight": 1 },
        { "model": "block/oak_leaves_5", "weight": 1 }
          ],
      "distance=7": [
        { "model": "block/oak_leaves", "weight": 1 },
        { "model": "block/oak_leaves_1", "weight": 1 },
        { "model": "block/oak_leaves_2", "weight": 1 },
        { "model": "block/oak_leaves_3", "weight": 1 },
        { "model": "block/oak_leaves_4", "weight": 1 },
        { "model": "block/oak_leaves_5", "weight": 1 }
          ]
  }
}
