{ 
  "variants": {
      "": [
          { "model": "block/red_sand", "weight": 1 },
    { "model": "block/red_sand", "weight": 1, "y": 180 },
    { "model": "block/red_sand", "weight": 1, "x": 180 },
    { "model": "block/red_sand", "weight": 1, "x": 90, "y": 90 },
    { "model": "block/red_sand", "weight": 1, "x": -90, "y": -90 },
    { "model": "block/red_sand", "weight": 1, "x": -270, "y": -270 },
    { "model": "block/red_sand", "weight": 1, "x": 90, "y": 270 },
    { "model": "block/red_sand", "weight": 1, "x": 270, "y": 90 },
    { "model": "block/red_sand_1", "weight": 1 },
    { "model": "block/red_sand_1", "weight": 1, "y": 180  },
    { "model": "block/red_sand_1", "weight": 1, "x": 180  },
    { "model": "block/red_sand_1", "weight": 1, "x": 90, "y": 90  },
    { "model": "block/red_sand_1", "weight": 1, "x": -90, "y": -90  },
    { "model": "block/red_sand_1", "weight": 1, "x": -270, "y": -270 },
    { "model": "block/red_sand_1", "weight": 1, "x": 90, "y": 270 },
    { "model": "block/red_sand_1", "weight": 1, "x": 270, "y": 90 },
    { "model": "block/red_sand_2", "weight": 1 },
    { "model": "block/red_sand_2", "weight": 1, "y": 180  },
    { "model": "block/red_sand_2", "weight": 1, "x": 180  },
    { "model": "block/red_sand_2", "weight": 1, "x": 90, "y": 90  },
    { "model": "block/red_sand_2", "weight": 1, "x": -90, "y": -90  },
    { "model": "block/red_sand_2", "weight": 1, "x": -270, "y": -270 },
    { "model": "block/red_sand_2", "weight": 1, "x": 90, "y": 270 },
    { "model": "block/red_sand_2", "weight": 1, "x": 270, "y": 90 },
    { "model": "block/red_sand_3", "weight": 1 },
    { "model": "block/red_sand_3", "weight": 1, "y": 180  },
    { "model": "block/red_sand_3", "weight": 1, "x": 180  },
    { "model": "block/red_sand_3", "weight": 1, "x": 90, "y": 90  },
    { "model": "block/red_sand_3", "weight": 1, "x": -90, "y": -90  },
    { "model": "block/red_sand_3", "weight": 1, "x": -270, "y": -270 },
    { "model": "block/red_sand_3", "weight": 1, "x": 90, "y": 270 },
    { "model": "block/red_sand_3", "weight": 1, "x": 270, "y": 90 },
    { "model": "block/red_sand_4", "weight": 1 },
    { "model": "block/red_sand_4", "weight": 1, "y": 180  },
    { "model": "block/red_sand_4", "weight": 1, "x": 180  },
    { "model": "block/red_sand_4", "weight": 1, "x": 90, "y": 90  },
    { "model": "block/red_sand_4", "weight": 1, "x": -90, "y": -90  },
    { "model": "block/red_sand_4", "weight": 1, "x": -270, "y": -270 },
    { "model": "block/red_sand_4", "weight": 1, "x": 90, "y": 270 },
    { "model": "block/red_sand_4", "weight": 1, "x": 270, "y": 90 }
      ]
  }
}
