{
    "variants": {
        "": [
            { "model": "block/stone", "weight": 12 },
			{ "model": "block/stone", "weight": 12, "y": 180 },
			{ "model": "block/stone", "weight": 12, "x": 180 },
			{ "model": "block/stone", "weight": 12, "x": 90, "y": 90 },
			{ "model": "block/stone", "weight": 12, "x": -90, "y": -90 },
			{ "model": "block/stone_1", "weight": 3 },
			{ "model": "block/stone_1", "weight": 3, "y": 180  },
			{ "model": "block/stone_1", "weight": 3, "x": 180  },
			{ "model": "block/stone_1", "weight": 3, "x": 90, "y": 90  },
			{ "model": "block/stone_1", "weight": 3, "x": -90, "y": -90  },
			{ "model": "block/stone_2", "weight": 3 },
			{ "model": "block/stone_2", "weight": 3, "y": 180  },
			{ "model": "block/stone_2", "weight": 3, "x": 180  },
			{ "model": "block/stone_2", "weight": 3, "x": 90, "y": 90  },
			{ "model": "block/stone_2", "weight": 3, "x": -90, "y": -90  },
			{ "model": "block/stone_3", "weight": 3 },
			{ "model": "block/stone_3", "weight": 3, "y": 180  },
			{ "model": "block/stone_3", "weight": 3, "x": 180  },
			{ "model": "block/stone_3", "weight": 3, "x": 90, "y": 90  },
			{ "model": "block/stone_3", "weight": 3, "x": -90, "y": -90  },
			{ "model": "block/stone_4", "weight": 3 },
			{ "model": "block/stone_4", "weight": 3, "y": 180  },
			{ "model": "block/stone_4", "weight": 3, "x": 180  },
			{ "model": "block/stone_4", "weight": 3, "x": 90, "y": 90  },
			{ "model": "block/stone_4", "weight": 3, "x": -90, "y": -90  }
        ]
    }
}
